abhiti,1,1
abrahama,1,7
adchurch,1,1
adelg,1,1
adeng,5,7
agivilla,3,3
agnik,1,1
aheuser,1,4
ahorne,3,4
ahtun,1,1
akaphle,1,1
alexisv,6,7
alinevm,1,1
alonsosi,5,7
antoncao,1,5
aprilxie,1,1
aroh,7,8
ashim,3,5
asloboda,5,7
audace,4,5
aug,1,1
bamlak,4,7
bchen21,1,1
benton,1,1
bwanyeki,1,1
cachen,1,1
carlosdt,1,5
ccheung9,1,5
ch3nj,1,4
chiti,6,8
chwa,1,4
clinnus7,5,5
clynk,1,1
cnord,1,1
colinpc,1,3
connora,7,7
cphung,1,1
cschill,1,1
ctraweek,3,4
dainkim,3,8
daiyunli,1,5
dangonzo,4,7
ddoblar,1,1
dklahn,1,5
doryshen,1,1
dsleeper,7,7
dylanc,1,1
e_shea,1,1
edwardf,1,1
ejchiu,1,1
ejporter,1,1
ekoto4,3,4
emalison,5,7
emalkin,2,3
emanuelp,1,3
emiliu,1,5
emilycwx,1,1
epence,3,8
erosolar,1,3
evankim,1,1
fprosk,3,4
govish,1,6
gowilguo,1,1
gschwind,3,7
hartz,1,1
hayleyye,7,7
henryc,1,3
hidai,1,7
hieutan,1,5
hmallen,3,6
hrieping,1,4
ianbo,5,6
ipakuwal,1,4
ithakur,1,1
jabari,1,1
jada,2,2
jcowham,1,4
jcruzmen,1,1
jeana,1,7
jenning,1,1
jfusman,1,1
jhz,1,1
jimmy,1,1
jkearl,1,1
jkung101,1,1
jmadeano,5,6
jodalyst,2,2
johanc,1,2
jover,1,6
jquaye,1,3
jsloane,1,1
jwhitton,6,6
jxwang,3,7
kamineni,1,1
katenels,1,1
kaveri,1,1
kbulovic,1,1
kennethc,1,1
kentnk,4,6
khennacy,1,1
kiaraw,1,7
kingso,3,5
kiretran,1,1
kmichael,1,3
kwicks,5,7
kyeb,1,1
kzayas,5,7
lbailey,1,7
lcheng96,1,3
lepstein,1,1
lesian,1,1
liamack,1,3
lindseym,1,1
linnear,1,1
loewenkc,1,4
luisfer,1,8
lydiasun,1,1
mabate,4,5
maddyabr,1,1
mairead,2,8
maprice,3,4
mattjs,7,8
mau,1,3
maxnz,1,4
mccoyp,1,1
meganmon,6,7
mha21,1,1
mihirt,3,6
mike1997,1,1
mkoneval,1,7
mmwong,1,1
mnielan,1,5
mnreda,5,8
moroze,1,3
mosera,5,7
mueller_,1,1
mvega,4,8
na2021,1,5
nanxi,7,8
nehap,1,1
nguo17,1,6
nhussein,1,6
nilknarf,1,1
nistath,1,1
njlee,1,1
nkenna,3,5
nmionis,1,3
nmpauls,1,3
noaleetz,1,1
nsalinas,4,5
nsendek,3,4
nwang23,1,4
nzamzow,1,1
osiegel,1,7
pengs,3,7
pham2ez,1,1
pjwu,1,1
pkhart,1,3
plahera,1,1
pravinas,1,3
pwang21,1,1
pywong,2,3
qkieu,7,8
rdurvas,3,7
remyba,1,8
robertt,1,1
rpw21,4,7
rtsilva,3,4
rwang99,1,1
sabliu,1,1
saranich,7,7
schao,1,7
schoulte,1,1
sduffy,1,6
sebwah,3,4
serichoi,3,5
shannen,3,5
sharonl,4,6
shikharj,3,4
shinyben,1,2
shuklas,1,1
simhon,7,8
singlin,1,1
skaza7,5,7
smathew,1,1
solisj,6,8
sospina,1,3
soumyar,1,1
ssappenf,7,7
ssyang,1,2
tadebiyi,3,4
tammam,7,7
temit,1,3
terrones,1,8
timzava,5,7
torulk,1,1
trautman,3,5
truchane,1,7
tuanphan,1,1
tuomas,1,1
uadhikar,1,4
viktoru,1,1
vjuan,4,5
voldman,1,2
vsindato,1,4
walaa,5,7
wbraun,1,1
weic,7,7
wooden,4,7
wtorousa,1,6
xmzhou,1,1
xuelin,1,3
yinc,5,5
yinj,1,1
yorai,1,1
yosefmih,1,8
yu513,1,1
ywang97,1,1
zhangsy,1,5
zhangww,1,1
zijinshi,5,8
